{"F01":[2.4437919289601994e-07,8.223599738352632e-07,-0.001376535102744337,-6.368463148117982e-07,1.7008911249178126e-07,0.00016155572599156463,0.00015851130075396594,-0.0007447261944065847,1.0],"F03":[-3.5689415558104507e-07,-1.7160066989319907e-06,0.0027401217917261637,1.3874269864082308e-06,1.1283364861607974e-06,-0.0039049844756151733,-0.0007648598530524937,0.00032490773353307807,1.0],"F06":[6.248441996576071e-07,3.2863941690766373e-08,-0.0004287562153207273,-4.224610738861605e-07,1.970371099279733e-06,-0.0013223363511207671,0.0007216264243732441,-0.0018099649995227767,0.9999999999999999],"F12":[8.318795202209199e-07,1.0518458126141738e-06,-0.0012535102319605393,1.529298361129489e-07,-1.3383302289281754e-07,-5.1176644275069045e-05,-0.0007820721526168975,-0.0006631385493455382,1.0],"F13":[4.7679712335598545e-08,1.4538979774763493e-08,-0.0003021512646255907,-5.39607949305578e-08,-3.1394582414697296e-08,-0.00012220983785043556,-0.0004755068842280568,-0.00020980063225011655,1.0],"F14":[1.899227299815831e-06,-1.4152716214054145e-05,-0.0014583696064511679,-2.2539124431212163e-07,-3.894834535671405e-05,0.0042587929072056266,-0.0026162544990532407,0.029528829465687786,1.0],"F24":[4.4254672187889337e-07,2.315274415002789e-07,-0.00048742249797492464,1.963906459973617e-07,1.0311571880158242e-07,-0.00026266846759824645,-0.0008457520136206308,-0.00044301900947697314,1.0],"F25":[9.598423553973426e-07,-1.1134528086574563e-06,2.383827604362273e-05,8.390352681170128e-07,5.629382913633849e-08,-0.0017856628745004865,-0.000868746409784089,0.00042553618448457823,1.0],"F34":[1.9149757612112498e-07,-1.8385830228607134e-07,0.0001084446725641544,-1.0467169493685016e-07,1.217465029694823e-06,-0.0008260818618969303,5.215227498372474e-05,-0.0014637018019772552,1.0],"F36":[-4.017790000782701e-09,4.5700488104595025e-08,-0.0003776934163264464,4.5949625280823676e-08,7.628273143640807e-10,6.547698800934706e-05,-0.00039466549520304056,-0.00019878913072577365,1.0],"F45":[3.308473660648807e-07,-2.636182934442344e-07,-0.0006153344860349671,4.3902992097885415e-07,1.753095094718764e-07,-0.0010215002308203317,-0.0005775720047443794,0.0006503444971022852,1.0],"F56":[3.928705169502218e-09,4.711184641271212e-08,-0.0004188267742223158,5.2407984318760875e-08,4.283242282126539e-09,-0.0005971744929662988,-0.00046412624529178106,0.0004985222179395714,1.0]}